Seed,GeneNo,GeneLen,GeneStd,DriverFrac,OncFrac,OncStrength,TsgStrength
1535065621,1E+04,1E+03,1E+02,5E-02,5E-01,"4851:1E+00
8386:1E+00
8949:1E+00
6931:1E+00
7436:1E+00
6464:1E+00
2838:1E+00
7283:1E+00
9923:1E+00
8874:1E+00
6995:1E+00
2367:1E+00
2414:1E+00
262:1E+00
9505:1E+00
7453:1E+00
7754:1E+00
9150:1E+00
7349:1E+00
8072:1E+00
2769:1E+00
8449:1E+00
383:1E+00
1513:1E+00
5089:1E+00
2511:1E+00
1227:1E+00
7461:1E+00
9889:1E+00
5587:1E+00
4431:1E+00
9503:1E+00
4938:1E+00
7711:1E+00
5138:1E+00
9955:1E+00
25:1E+00
3896:1E+00
4417:1E+00
7517:1E+00
7299:1E+00
7087:1E+00
8527:1E+00
6170:1E+00
367:1E+00
318:1E+00
2471:1E+00
1023:1E+00
7953:1E+00
7075:1E+00
6449:1E+00
6983:1E+00
9274:1E+00
3902:1E+00
9690:1E+00
6122:1E+00
3386:1E+00
5385:1E+00
2751:1E+00
9937:1E+00
3707:1E+00
3909:1E+00
5744:1E+00
868:1E+00
6632:1E+00
1973:1E+00
5619:1E+00
4330:1E+00
8001:1E+00
5580:1E+00
6764:1E+00
1215:1E+00
1221:1E+00
6197:1E+00
1151:1E+00
1192:1E+00
9968:1E+00
4831:1E+00
1915:1E+00
5161:1E+00
9436:1E+00
807:1E+00
783:1E+00
5806:1E+00
3234:1E+00
715:1E+00
926:1E+00
2904:1E+00
2708:1E+00
6442:1E+00
2223:1E+00
6362:1E+00
6523:1E+00
2924:1E+00
2598:1E+00
4289:1E+00
317:1E+00
9616:1E+00
5072:1E+00
9112:1E+00
570:1E+00
9600:1E+00
5672:1E+00
603:1E+00
9198:1E+00
7822:1E+00
1823:1E+00
7230:1E+00
3790:1E+00
539:1E+00
9965:1E+00
2042:1E+00
7269:1E+00
4775:1E+00
474:1E+00
8863:1E+00
2192:1E+00
2576:1E+00
289:1E+00
650:1E+00
1994:1E+00
3123:1E+00
3008:1E+00
3200:1E+00
5786:1E+00
3776:1E+00
7383:1E+00
8328:1E+00
9363:1E+00
619:1E+00
6567:1E+00
5856:1E+00
9995:1E+00
1049:1E+00
9102:1E+00
5494:1E+00
859:1E+00
5831:1E+00
7630:1E+00
5723:1E+00
4322:1E+00
1990:1E+00
8632:1E+00
5825:1E+00
3568:1E+00
8767:1E+00
7483:1E+00
4290:1E+00
4134:1E+00
5732:1E+00
1268:1E+00
9390:1E+00
8831:1E+00
6034:1E+00
2507:1E+00
4797:1E+00
9398:1E+00
6052:1E+00
4464:1E+00
2843:1E+00
758:1E+00
4026:1E+00
4848:1E+00
2978:1E+00
4074:1E+00
1306:1E+00
5208:1E+00
5769:1E+00
4175:1E+00
6810:1E+00
2459:1E+00
9678:1E+00
8100:1E+00
5004:1E+00
6007:1E+00
5935:1E+00
124:1E+00
6466:1E+00
343:1E+00
9296:1E+00
9593:1E+00
2892:1E+00
9935:1E+00
3305:1E+00
7671:1E+00
7937:1E+00
4372:1E+00
1683:1E+00
6794:1E+00
7270:1E+00
2723:1E+00
9801:1E+00
6084:1E+00
4092:1E+00
4054:1E+00
8690:1E+00
7632:1E+00
8618:1E+00
2857:1E+00
9496:1E+00
1280:1E+00
925:1E+00
394:1E+00
3892:1E+00
6435:1E+00
2351:1E+00
557:1E+00
2707:1E+00
9209:1E+00
8927:1E+00
3514:1E+00
9309:1E+00
6797:1E+00
5921:1E+00
7185:1E+00
6772:1E+00
7113:1E+00
2730:1E+00
4224:1E+00
8639:1E+00
4280:1E+00
163:1E+00
374:1E+00
4664:1E+00
1478:1E+00
8878:1E+00
4763:1E+00
4510:1E+00
3745:1E+00
1713:1E+00
581:1E+00
5052:1E+00
2785:1E+00
4932:1E+00
1869:1E+00
3265:1E+00
9877:1E+00
4468:1E+00
5892:1E+00
7361:1E+00
1893:1E+00
9727:1E+00
135:1E+00
6892:1E+00
3546:1E+00
4061:1E+00
9409:1E+00
9126:1E+00
7273:1E+00
3434:1E+00","7951:1E+00
3794:1E+00
9444:1E+00
109:1E+00
8531:1E+00
4918:1E+00
8334:1E+00
5453:1E+00
643:1E+00
6160:1E+00
9297:1E+00
4670:1E+00
6736:1E+00
6897:1E+00
5570:1E+00
6910:1E+00
6750:1E+00
8494:1E+00
8530:1E+00
5158:1E+00
6355:1E+00
1296:1E+00
7598:1E+00
5318:1E+00
5638:1E+00
1499:1E+00
8625:1E+00
9357:1E+00
7019:1E+00
3990:1E+00
7616:1E+00
6:1E+00
7093:1E+00
9718:1E+00
2330:1E+00
8382:1E+00
7660:1E+00
5682:1E+00
4437:1E+00
6782:1E+00
7746:1E+00
4461:1E+00
5097:1E+00
8187:1E+00
6727:1E+00
8939:1E+00
7794:1E+00
9431:1E+00
8233:1E+00
2807:1E+00
9178:1E+00
642:1E+00
7334:1E+00
863:1E+00
9666:1E+00
2415:1E+00
2883:1E+00
2037:1E+00
2017:1E+00
8350:1E+00
8594:1E+00
167:1E+00
1580:1E+00
2933:1E+00
4173:1E+00
9584:1E+00
7415:1E+00
3462:1E+00
2443:1E+00
2760:1E+00
7736:1E+00
4675:1E+00
2901:1E+00
8537:1E+00
6267:1E+00
2160:1E+00
1299:1E+00
4329:1E+00
7690:1E+00
8323:1E+00
2920:1E+00
7803:1E+00
6108:1E+00
1534:1E+00
4305:1E+00
4928:1E+00
5152:1E+00
5080:1E+00
2404:1E+00
1606:1E+00
2573:1E+00
1554:1E+00
9750:1E+00
6111:1E+00
2225:1E+00
4022:1E+00
9970:1E+00
7961:1E+00
9062:1E+00
9212:1E+00
9734:1E+00
3297:1E+00
5523:1E+00
2695:1E+00
9307:1E+00
7382:1E+00
9216:1E+00
9794:1E+00
2230:1E+00
8448:1E+00
792:1E+00
2444:1E+00
516:1E+00
7403:1E+00
5887:1E+00
8698:1E+00
6142:1E+00
6737:1E+00
7772:1E+00
7721:1E+00
8178:1E+00
7513:1E+00
7038:1E+00
3239:1E+00
777:1E+00
3991:1E+00
1395:1E+00
2693:1E+00
2584:1E+00
3235:1E+00
4314:1E+00
8015:1E+00
437:1E+00
8040:1E+00
1456:1E+00
1014:1E+00
5750:1E+00
2422:1E+00
181:1E+00
1050:1E+00
5997:1E+00
4694:1E+00
9900:1E+00
554:1E+00
5418:1E+00
1367:1E+00
3119:1E+00
7699:1E+00
3800:1E+00
9930:1E+00
1434:1E+00
5221:1E+00
5037:1E+00
4589:1E+00
1035:1E+00
1684:1E+00
7930:1E+00
7116:1E+00
6966:1E+00
118:1E+00
3092:1E+00
6926:1E+00
1366:1E+00
8836:1E+00
3858:1E+00
8304:1E+00
2889:1E+00
666:1E+00
3127:1E+00
1830:1E+00
1529:1E+00
5018:1E+00
8229:1E+00
6722:1E+00
816:1E+00
1728:1E+00
3964:1E+00
8630:1E+00
7893:1E+00
6915:1E+00
9403:1E+00
4325:1E+00
2825:1E+00
6001:1E+00
333:1E+00
1298:1E+00
4541:1E+00
9043:1E+00
1814:1E+00
2035:1E+00
8996:1E+00
1942:1E+00
832:1E+00
6138:1E+00
9269:1E+00
1632:1E+00
2913:1E+00
7522:1E+00
8155:1E+00
8189:1E+00
393:1E+00
9396:1E+00
2557:1E+00
2923:1E+00
5813:1E+00
9484:1E+00
9667:1E+00
2784:1E+00
418:1E+00
1677:1E+00
1188:1E+00
3255:1E+00
4809:1E+00
4362:1E+00
2536:1E+00
2092:1E+00
312:1E+00
9818:1E+00
9246:1E+00
5426:1E+00
568:1E+00
355:1E+00
5890:1E+00
9604:1E+00
7036:1E+00
8653:1E+00
3596:1E+00
4407:1E+00
4063:1E+00
565:1E+00
3150:1E+00
6511:1E+00
5692:1E+00
2590:1E+00
8888:1E+00
9077:1E+00
3724:1E+00
6291:1E+00
9656:1E+00
6008:1E+00
7672:1E+00
8127:1E+00
1203:1E+00
9984:1E+00
805:1E+00
2210:1E+00
661:1E+00
7558:1E+00
8131:1E+00
7965:1E+00"
